0	vitoria	rui	presidente	jogo	jeronimo	es	joao	diz	dizer
1	melhor	agora	quer	carvalho	portas	hoje	grande	diz	dizer
2	silva	diz	amp	diario	dizer	doce	el	en	es
3	espirito	santo	aqui	tudo	dia	fcporto	diz	dizer	doce
4	paulo	bento	anos	amp	es	desporto	vou	fcportoworld	el
5	carregabenfica	ainda	anos	dia	porto	martins	jesus	fcporto	doce
6	amp	quer	anos	costa	tudo	passos	vou	fazer	doce
7	porto	jesus	hoje	ronaldo	sporting	vou	es	diario	diz
8	grande	cristiano	contra	jose	fcporto	doce	el	en	es
9	jesus	jorge	tao	fcporto	diz	dizer	doce	el	en
10	el	en	del	video	cristiano	sobre	vou	fcporto	dizer
11	vai	lisboa	joao	vou	fcporto	dizer	doce	el	en
12	dia	presidente	tudo	benfica	paulo	fazer	diz	dizer	doce
13	cristiano	real	benfica	jose	vou	fcporto	doce	el	en
14	portas	paulo	todos	fazer	diz	dizer	doce	el	en
15	fcporto	fcportoworld	ainda	tudo	vou	dizer	doce	el	en
16	el	en	del	portugal	vou	diz	dizer	doce	es
17	jornal	nada	contra	dizer	fcporto	doce	el	en	es
18	marcelo	rebelo	sousa	presidente	vou	fazer	diz	dizer	doce
19	hoje	dia	anos	contra	jogo	aqui	cristiano	fcporto	el
20	futebol	desporto	vou	fcporto	dizer	doce	el	en	es
21	portugal	ano	aqui	fcporto	diz	dizer	doce	el	en
22	todos	benfica	desporto	pais	mendes	coelho	sobre	hoje	fazer
23	sobre	porque	cristiano	fcporto	dizer	doce	el	en	es
24	la	en	el	vou	fcportoworld	dizer	doce	es	espirito
25	porque	cristiano	dizer	tudo	vou	fcporto	doce	el	en
26	cristiano	mundo	porto	vou	fcporto	dizer	doce	el	en
27	del	la	el	antonio	jesus	vou	fcporto	doce	en
28	antonio	costa	benfica	vou	fcportoworld	doce	el	en	es
29	dia	noticias	real	bruno	joao	jornal	antonio	fcportoworld	el
30	video	porque	jogo	quer	dizer	porto	espirito	diario	diz
31	vitoria	rui	jogo	fazer	fcporto	dizer	doce	el	en
32	melhor	noticias	pinto	fcporto	dizer	doce	el	en	es
33	jorge	mendes	todos	melhor	fcportoworld	dizer	doce	el	en
34	vez	jesus	todos	futebol	ir	fazer	diz	dizer	doce
35	real	cristiano	portugal	mendes	fazer	diz	dizer	doce	el
36	desporto	porto	lisboa	passos	ainda	vou	fazer	dizer	doce
37	vez	todos	es	jorge	benfica	vou	fcporto	dizer	doce
38	agora	porque	jorge	jesus	espirito	diz	dizer	joao	doce
39	pinto	costa	dia	diario	dizer	doce	el	en	es
40	ps	ano	contra	ainda	vai	pingo	vou	fazer	doce
41	cristiano	real	portugal	jeronimo	pingo	noticias	dizer	doce	el
42	ano	porto	fcporto	diz	dizer	doce	el	en	es
43	diz	ronaldo	jorge	diario	dizer	doce	el	en	es
44	sporting	dizer	sobre	pingo	fcporto	diz	doce	el	en
45	portugal	fcporto	quer	real	espirito	diario	diz	dizer	doce
46	tudo	agora	carregabenfica	fcporto	dizer	doce	el	en	es
47	portas	paulo	porque	futebol	vou	espirito	dizer	doce	el
48	agora	fazer	la	costa	fcporto	dizer	doce	el	en
49	hoje	video	benfica	ir	vou	fcporto	dizer	doce	el
50	passos	coelho	portugal	diario	dizer	doce	el	en	es
51	tao	costa	vou	fcporto	dizer	doce	el	en	es
52	jesus	jorge	fcportoworld	ps	fazer	diz	dizer	doce	el
53	dia	bem	portas	fcporto	dizer	doce	el	en	es
54	benfica	dia	la	fcportoworld	dizer	doce	el	en	es
55	mundo	sempre	ps	presidente	sobre	noticias	diz	dizer	doce
56	martins	catarina	vou	fcporto	dizer	doce	el	en	es
57	porque	ainda	dizer	marcelo	ver	sobre	noticias	fazer	diz
58	cristiano	ronaldo	marcelo	vou	fcporto	dizer	doce	el	en
59	ps	presidente	aqui	vou	fcporto	dizer	doce	el	en
60	bruno	carvalho	sporting	vou	dizer	doce	el	en	es
61	presidente	ps	video	ir	antonio	vou	espirito	diz	dizer
62	anos	novo	agora	benfica	nada	fcportoworld	doce	el	en
63	governo	presidente	todos	ainda	vou	fcporto	dizer	doce	el
64	fcporto	fcportoworld	cristiano	bruno	diz	doce	el	en	es
65	noticias	diario	fcportoworld	dizer	doce	el	en	es	espirito
66	vitoria	rui	portas	marcelo	mundo	fazer	diz	dizer	doce
67	el	en	vou	fcportoworld	dizer	doce	es	espirito	fazer
68	lisboa	del	melhor	vou	fcportoworld	doce	el	en	es
69	sempre	dizer	porque	vou	diario	doce	el	en	es
70	jorge	mendes	grande	fcporto	diz	dizer	doce	el	en
71	santo	espirito	vou	dia	diz	dizer	doce	el	en
72	noticias	diario	marcelo	sousa	quer	vou	dizer	doce	el
73	sousa	marcelo	rebelo	vou	fazer	diz	dizer	doce	el
74	paulo	bento	hoje	rui	vou	fazer	dizer	doce	el
75	carvalho	bruno	diz	doce	el	en	es	espirito	fazer
76	aqui	ano	vou	futebol	doce	el	en	es	espirito
77	portugal	dizer	porque	carregabenfica	antonio	doce	el	en	es
78	silva	porque	aqui	futebol	mundo	vou	fazer	dizer	doce
79	todos	del	porto	sporting	real	jeronimo	espirito	diario	diz
80	silva	joao	bem	video	santo	diz	dizer	doce	el
81	governo	ps	noticias	pingo	antonio	fazer	vou	dizer	doce
82	costa	pinto	fazer	ir	bem	jornal	sempre	doce	el
83	diz	hoje	jogo	mundo	jesus	fazer	dizer	doce	el
84	vai	sempre	novo	vou	fazer	diz	dizer	doce	el
85	jogo	nada	dizer	jorge	jeronimo	ir	diz	joao	doce
86	jogo	costa	vez	benfica	pode	fcporto	doce	el	en
87	melhor	bem	diz	ainda	novo	sempre	marcelo	vou	fcporto
88	real	video	vou	la	mendes	aqui	amp	jeronimo	fazer
89	vai	anos	porque	jogo	silva	ir	espirito	jesus	diz
90	video	futebol	ainda	fcportoworld	dizer	doce	el	en	es
91	cristiano	ronaldo	fazer	vai	amp	joao	vou	dizer	doce
92	marcelo	rebelo	sousa	agora	jogo	ir	hoje	diz	dizer
93	contra	vou	en	jogo	fcporto	dizer	doce	el	es
94	lisboa	amp	jornal	fcportoworld	dizer	doce	el	en	es
95	antonio	costa	vou	fcportoworld	doce	el	en	es	espirito
96	passos	coelho	vou	diario	dizer	doce	el	en	es
97	ano	del	ver	vou	fcporto	dizer	doce	el	en
98	paulo	portas	todos	fazer	diz	dizer	doce	el	en
99	tudo	fcporto	silva	video	vai	diz	dizer	doce	el
100	portugal	carregabenfica	vou	diz	dizer	doce	el	en	es
101	costa	antonio	pinto	melhor	mundo	vou	fcporto	doce	el
102	carvalho	bruno	ainda	futebol	doce	el	en	es	espirito
103	portugal	coelho	bem	amp	nada	fcportoworld	doce	el	en
104	sempre	sporting	benfica	vou	dizer	doce	el	en	es
105	passos	coelho	vou	diario	dizer	doce	el	en	es
106	carvalho	bruno	en	diz	doce	el	es	espirito	fazer
107	bruno	carvalho	diz	doce	el	en	es	espirito	fazer
108	fazer	pode	desporto	vou	diario	dizer	doce	el	en
109	aqui	jose	pode	noticias	vou	doce	el	en	es
110	real	quer	joao	porque	espirito	diz	dizer	doce	el
111	pingo	doce	ainda	vou	fcporto	dizer	el	en	es
112	tao	tudo	porto	ir	carregabenfica	el	diario	diz	dizer
113	agora	portugal	sempre	cristiano	contra	rui	fazer	dizer	doce
114	portugal	ainda	bem	presidente	joao	fcporto	dizer	doce	el
115	grande	joao	sporting	cristiano	ainda	anos	vou	fcporto	doce
116	mendes	jorge	vai	fcporto	diz	dizer	doce	el	en
117	hoje	vou	vai	la	fcporto	dizer	doce	el	en
118	hoje	diz	vez	vou	fcporto	dizer	doce	el	en
119	anos	ronaldo	sempre	es	pode	vou	fazer	dizer	doce
120	martins	catarina	vou	fcporto	dizer	doce	el	en	es
121	jorge	jesus	paulo	rebelo	fazer	diz	dizer	doce	el
122	paulo	bento	mendes	doce	vou	fcportoworld	el	en	es
123	pais	portugal	governo	sousa	ver	fazer	diz	dizer	doce
124	passos	coelho	ronaldo	vou	fazer	dizer	doce	el	en
125	ir	bem	portas	quer	el	fazer	diz	dizer	doce
126	ver	vai	ano	fcporto	antonio	vou	fcportoworld	dizer	doce
127	diz	jeronimo	jogo	hoje	jose	silva	tudo	aqui	espirito
128	pode	jesus	pais	sousa	benfica	lisboa	real	espirito	dizer
129	jose	video	rui	sempre	real	vou	diz	dizer	doce
130	benfica	porto	carregabenfica	jose	del	fcportoworld	fcporto	dizer	doce
131	jorge	mendes	vai	governo	fcporto	diz	dizer	doce	el
132	bem	ver	ir	ainda	nada	real	sobre	vou	dizer
133	pinto	costa	ver	vou	fcporto	dizer	doce	el	en
134	ir	dia	desporto	doce	joao	melhor	cristiano	fazer	el
135	antonio	costa	todos	vou	fcporto	dizer	doce	el	en
136	grande	porque	melhor	vou	fcporto	dizer	doce	el	en
137	carregabenfica	melhor	ir	vou	dizer	doce	el	en	es
138	hoje	diz	amp	marcelo	porque	vou	fcporto	doce	el
139	video	governo	pais	vou	sempre	melhor	dizer	doce	el
140	cristiano	ronaldo	anos	amp	vou	fcporto	doce	el	en
141	fcporto	benfica	carregabenfica	noticias	quer	la	vou	doce	el
142	anos	vou	fcportoworld	dizer	doce	el	en	es	espirito
143	video	fazer	pode	vou	fcporto	dizer	doce	el	en
144	porto	novo	sporting	ir	bem	vou	diz	dizer	doce
145	pode	diz	doce	hoje	aqui	passos	coelho	vou	fazer
146	governo	desporto	agora	fcporto	dizer	doce	el	en	es
147	dia	pode	pais	ir	es	agora	hoje	grande	governo
148	todos	vou	fcporto	diz	dizer	doce	el	en	es
149	vai	sempre	la	vou	diz	dizer	doce	el	en
150	governo	sobre	antonio	portugal	jornal	bento	silva	anos	fcportoworld
151	noticias	diario	quer	portugal	jeronimo	diz	dizer	doce	el
152	ver	del	nada	en	porque	fcporto	dizer	doce	el
153	passos	coelho	vou	diario	dizer	doce	el	en	es
154	en	el	la	silva	bem	benfica	porque	diz	pais
155	vez	el	fazer	agora	fcporto	diz	dizer	doce	en
156	vou	sempre	ir	es	fazer	diz	dizer	doce	el
157	pingo	doce	vou	fcporto	dizer	el	en	es	espirito
158	noticias	diario	sempre	desporto	jorge	dizer	doce	el	en
159	amp	el	bem	contra	la	ir	ronaldo	vou	fcporto
160	la	porque	mundo	espirito	presidente	vou	fazer	dizer	doce
161	futebol	diz	mundo	hoje	cristiano	pode	vou	fazer	doce
162	doce	pingo	joao	vou	fcporto	dizer	el	en	es
163	en	la	el	fazer	vou	fcportoworld	dizer	doce	es
164	portas	paulo	vou	jorge	dizer	doce	el	en	es
165	fazer	pode	carregabenfica	vou	diario	dizer	doce	el	en
166	ver	vou	porque	fcporto	dizer	doce	el	en	es
167	antonio	costa	grande	vou	fcportoworld	doce	el	en	es
168	contra	novo	presidente	catarina	vou	doce	el	en	es
169	portugal	vou	fcporto	diz	dizer	doce	el	en	es
170	ir	ver	ainda	jorge	antonio	aqui	vou	fcporto	doce
171	contra	cristiano	hoje	fazer	portas	doce	dizer	el	en
172	la	es	del	ir	vou	fcporto	dizer	doce	el
173	coelho	passos	jose	ano	vou	fcporto	doce	el	en
174	governo	sempre	todos	vou	diz	dizer	doce	el	en
175	bem	nada	sporting	porque	agora	porto	grande	governo	jesus
176	portugal	fcporto	sempre	joao	jesus	diz	dizer	doce	el
177	la	del	desporto	vou	fcporto	doce	el	en	es
178	sousa	jeronimo	sobre	fcporto	diz	dizer	doce	el	en
179	es	ano	vou	fcportoworld	dizer	doce	el	en	espirito
180	costa	antonio	portugal	futebol	portas	ir	jeronimo	diz	dizer
181	vez	el	lisboa	benfica	video	contra	sobre	fcporto	dizer
182	sousa	jeronimo	vou	fcporto	diz	dizer	doce	el	en
183	paulo	bento	vou	fcporto	dizer	doce	el	en	es
184	sobre	hoje	governo	paulo	contra	real	espirito	dizer	doce
185	la	quer	ver	sobre	en	vou	fazer	diz	dizer
186	lisboa	presidente	agora	pode	contra	noticias	vitoria	porque	ano
187	benfica	vez	jorge	bem	nada	del	vou	fcportoworld	el
188	presidente	lisboa	sporting	porto	la	pais	anos	bruno	grande
189	bruno	carvalho	carregabenfica	la	doce	el	en	es	espirito
190	mundo	cristiano	pais	futebol	fazer	video	vou	dizer	doce
191	bem	ano	jose	quer	porto	tudo	vou	fazer	dizer
192	fcportoworld	amp	jose	dizer	doce	el	en	es	espirito
193	ver	en	jogo	ano	joao	fcporto	dizer	doce	el
194	vitoria	rui	desporto	vou	ano	anos	doce	el	en
195	jeronimo	sousa	vou	fcporto	diz	dizer	doce	el	en
196	sobre	diz	portas	jesus	fazer	joao	dizer	doce	el
197	martins	catarina	vou	fcporto	dizer	doce	el	en	es
198	rui	vitoria	diario	dizer	doce	el	en	es	espirito
199	sempre	grande	governo	vai	dia	rebelo	vou	espirito	diz
200	passos	coelho	jornal	diario	dizer	doce	el	en	es
201	melhor	governo	ps	todos	vou	fazer	diz	dizer	doce
202	rui	vitoria	melhor	fcporto	dizer	doce	el	en	es
203	vai	jorge	fcporto	diz	dizer	doce	el	en	es
204	jesus	jorge	nada	fcporto	diz	dizer	doce	el	en
205	cristiano	la	tudo	dizer	vou	fcporto	doce	el	en
206	portugal	pais	vou	jesus	jose	amp	fcporto	doce	el
207	bruno	carvalho	ainda	ronaldo	agora	jeronimo	ir	doce	el
208	dizer	governo	pode	coelho	vou	fazer	doce	el	en
209	sobre	sporting	desporto	diz	silva	pode	hoje	espirito	jesus
210	ainda	vez	jose	jogo	fcportoworld	dizer	doce	el	en
211	pais	vou	fcporto	dizer	doce	el	en	es	espirito
212	cristiano	la	vou	fcporto	dizer	doce	el	en	es
213	jeronimo	sousa	tudo	pinto	vou	fazer	diz	dizer	doce
214	aqui	sobre	lisboa	desporto	dizer	jeronimo	ir	joao	doce
215	ainda	bem	mundo	paulo	fcportoworld	doce	el	en	es
216	espirito	santo	vou	dia	diz	dizer	doce	el	en
217	todos	agora	hoje	desporto	ano	fcportoworld	doce	el	en
218	espirito	santo	en	vou	dia	diz	dizer	doce	el
219	fcporto	fcportoworld	tao	rui	diz	dizer	doce	el	en
220	governo	jose	aqui	fcportoworld	dizer	doce	el	en	es
221	jesus	jorge	fcportoworld	dizer	doce	el	en	es	espirito
222	agora	aqui	del	ir	bem	fcportoworld	doce	el	en
223	sempre	en	vou	dia	diz	dizer	doce	el	es
224	desporto	jose	governo	jorge	ainda	tao	sporting	ano	futebol
225	ps	carregabenfica	futebol	real	fcporto	catarina	fazer	dizer	doce
226	diz	todos	sobre	ainda	joao	fcporto	dizer	doce	el
227	lisboa	novo	hoje	carregabenfica	vou	doce	el	en	es
228	fazer	sempre	ronaldo	vou	diz	dizer	doce	el	en
229	sobre	costa	lisboa	diz	jesus	fazer	dizer	doce	el
230	passos	coelho	mendes	vou	fcporto	doce	el	en	es
231	fcporto	fcportoworld	dizer	mendes	vou	doce	el	en	es
232	quer	dizer	del	costa	vou	fazer	doce	el	en
233	passos	coelho	vou	diario	dizer	doce	el	en	es
234	sporting	joao	jose	carvalho	pingo	real	portas	futebol	diz
235	costa	pinto	presidente	todos	jornal	fazer	dizer	doce	el
236	todos	hoje	joao	ronaldo	video	fazer	diz	dizer	doce
237	porto	quer	aqui	vou	fazer	diz	dizer	doce	el
238	anos	governo	bruno	sousa	vou	fcporto	dizer	doce	el
239	sobre	dia	diz	dizer	doce	el	en	es	espirito
240	desporto	joao	mundo	presidente	diario	silva	pinto	carregabenfica	grande
241	anos	lisboa	en	silva	porque	ronaldo	ir	espirito	diz
242	dizer	pode	noticias	melhor	jesus	silva	portas	futebol	governo
243	jesus	jorge	novo	joao	fazer	diz	dizer	doce	el
244	la	el	catarina	vou	fcporto	dizer	doce	en	es
245	ps	real	bruno	dia	fazer	diz	dizer	doce	el
246	novo	jogo	pode	anos	ronaldo	fazer	dizer	doce	el
247	quer	ano	passos	fcporto	ainda	vou	doce	el	en
248	anos	todos	doce	del	coelho	vou	fcporto	el	en
249	ir	futebol	costa	vou	fcporto	dizer	doce	el	en
250	jeronimo	sousa	cristiano	costa	vou	fazer	dizer	doce	el
251	portugal	diz	silva	dia	dizer	doce	el	en	es
252	anos	melhor	ano	coelho	aqui	vou	fcportoworld	el	en
253	en	el	del	nada	vou	fcporto	dizer	doce	es
254	paulo	portas	sporting	fazer	diz	dizer	doce	el	en
255	mundo	futebol	melhor	fcportoworld	dizer	doce	el	en	es
256	lisboa	novo	dia	presidente	contra	ronaldo	dizer	doce	el
257	futebol	amp	cristiano	fcportoworld	doce	el	en	es	espirito
258	portugal	martins	presidente	sempre	fazer	diz	dizer	doce	el
259	portugal	ps	fcporto	jesus	espirito	joao	diz	dizer	doce
260	ver	pais	nada	el	porto	vou	fazer	diz	dizer
261	noticias	diario	rebelo	paulo	dizer	doce	el	en	es
262	antonio	costa	ps	todos	ano	vou	fcporto	doce	el
263	jogo	governo	tudo	jeronimo	paulo	fazer	dizer	doce	el
264	nada	dia	ainda	jose	santo	fcporto	dizer	doce	el
265	agora	ainda	silva	fcportoworld	jogo	quer	sporting	jesus	espirito
266	todos	agora	quer	fcporto	diz	dizer	doce	el	en
267	vai	sempre	governo	vou	diz	dizer	doce	el	en
268	portugal	tao	jose	doce	fcporto	diz	dizer	el	en
269	agora	grande	benfica	ano	sporting	ir	marcelo	joao	fcporto
270	pode	sobre	carregabenfica	ir	porto	diz	dizer	doce	el
271	costa	pinto	vou	diario	dizer	doce	el	en	es
272	jorge	jesus	fcportoworld	dizer	doce	el	en	es	espirito
273	diario	noticias	fcportoworld	dizer	doce	el	en	es	espirito
274	noticias	diario	melhor	antonio	doce	el	en	es	espirito
275	tudo	el	hoje	vou	fcporto	diz	dizer	doce	en
276	governo	ps	novo	video	vou	diz	dizer	doce	el
277	pais	fcporto	ir	anos	jeronimo	dizer	lisboa	doce	el
278	mendes	jorge	diz	fcporto	dizer	doce	el	en	es
279	doce	pingo	vou	fcporto	dizer	el	en	es	espirito
280	porque	es	mundo	carvalho	vou	fcporto	doce	el	en
281	benfica	ver	grande	lisboa	bento	fcportoworld	doce	el	en
282	antonio	costa	vou	contra	fcportoworld	doce	el	en	es
283	fcporto	fcportoworld	sempre	fazer	diz	dizer	doce	el	en
284	benfica	carregabenfica	desporto	futebol	porque	silva	rebelo	espirito	diz
285	ronaldo	cristiano	sempre	vou	fazer	dizer	doce	el	en
286	marcelo	rebelo	sousa	vou	fazer	diz	dizer	doce	el
287	dia	jornal	ainda	diz	doce	el	en	es	espirito
288	pinto	costa	la	vou	fcporto	doce	el	en	es
289	costa	antonio	vou	fcportoworld	doce	el	en	es	espirito
290	del	el	en	portas	vou	diario	dizer	doce	es
291	dia	jose	portugal	joao	fazer	diz	dizer	doce	el
292	es	melhor	el	vou	fcportoworld	dizer	doce	en	espirito
293	grande	porque	real	bem	es	lisboa	sempre	fazer	diz
294	porque	portugal	vai	costa	fazer	diz	dizer	doce	el
295	ainda	joao	real	vou	fcporto	dizer	doce	el	en
296	real	cristiano	vou	diario	dizer	doce	el	en	es
297	del	la	noticias	fcportoworld	doce	el	en	es	espirito
298	melhor	carvalho	vou	fcporto	dizer	doce	el	en	es
299	noticias	silva	portugal	todos	presidente	diario	ir	jeronimo	diz
300	agora	ano	joao	lisboa	carregabenfica	bento	fazer	ronaldo	jesus
301	jornal	grande	silva	real	diz	dizer	doce	el	en
302	porque	novo	ver	governo	coelho	vou	dizer	doce	el
303	aqui	porto	jesus	portugal	fazer	diz	dizer	doce	el
304	en	el	carvalho	jesus	vou	fcporto	dizer	doce	es
305	cristiano	anos	vou	fcportoworld	doce	el	en	es	espirito
306	agora	carregabenfica	dizer	noticias	doce	el	en	es	espirito
307	bem	diz	porque	el	sousa	fcporto	dizer	doce	en
308	costa	pinto	benfica	vou	fcporto	doce	el	en	es
309	fcporto	fcportoworld	del	diario	dizer	doce	el	en	es
310	amp	fcporto	sobre	fcportoworld	dizer	doce	el	en	es
311	el	en	agora	vez	fcporto	diz	dizer	doce	es
312	benfica	sobre	sporting	bruno	pais	vou	fcporto	dizer	doce
313	costa	antonio	pinto	contra	pais	vou	fcporto	el	en
314	tudo	jogo	fcporto	diz	dizer	doce	el	en	es
315	diz	dia	jeronimo	vai	vitoria	grande	silva	pode	tudo
316	sousa	jeronimo	el	nada	fcportoworld	dizer	doce	en	es
317	paulo	portas	ver	fazer	diz	dizer	doce	el	en
318	ainda	vai	antonio	vou	fcportoworld	dizer	doce	el	en
319	ainda	porque	jornal	melhor	tao	fcporto	dizer	doce	el
320	lisboa	carregabenfica	es	vou	dizer	doce	el	en	espirito
321	la	del	ronaldo	futebol	vou	fazer	dizer	doce	el
322	noticias	diario	catarina	vou	fcporto	dizer	doce	el	en
323	paulo	portas	vou	jorge	dizer	doce	el	en	es
324	nada	agora	sobre	bruno	jesus	fcporto	dizer	doce	el
325	dizer	la	sporting	tudo	jogo	desporto	ir	espirito	diz
326	sporting	real	desporto	melhor	carregabenfica	dizer	doce	el	en
327	carregabenfica	sempre	jesus	hoje	pode	vou	dizer	doce	el
328	marcelo	sousa	rebelo	martins	vou	fcporto	dizer	doce	el
329	santo	espirito	vou	dia	diz	dizer	doce	el	en
330	rebelo	marcelo	sousa	vou	fazer	diz	dizer	doce	el
331	portugal	jornal	ps	ver	vitoria	jeronimo	ainda	fazer	dizer
332	la	en	el	antonio	vou	fcportoworld	dizer	doce	es
333	sporting	bem	agora	diario	el	fcporto	dizer	doce	en
334	vai	vou	futebol	noticias	dizer	doce	el	en	es
335	video	ver	tudo	del	mundo	fcporto	diz	dizer	doce
336	costa	pinto	anos	bem	ps	vou	fcporto	doce	el
337	carregabenfica	fazer	el	passos	vou	diario	dizer	doce	en
338	vou	cristiano	mundo	pinto	jorge	jesus	sempre	anos	ainda
339	vez	novo	amp	vou	fcporto	dizer	doce	el	en
340	passos	coelho	pais	tudo	vou	fazer	dizer	doce	el
341	ver	quer	vou	fcporto	diz	dizer	doce	el	en
342	noticias	diario	agora	jesus	jeronimo	dizer	doce	el	en
343	porto	futebol	hoje	fazer	diz	dizer	doce	el	en
344	real	governo	cristiano	todos	vou	fazer	dizer	doce	el
345	portas	paulo	diz	quer	diario	dizer	doce	el	en
346	agora	fcportoworld	dizer	doce	el	en	es	espirito	fazer
347	jornal	novo	jogo	porque	pinto	dizer	doce	el	en
348	vitoria	rui	contra	costa	del	pais	diz	doce	el
349	hoje	vai	jogo	contra	el	pais	fazer	dizer	doce
350	jeronimo	sousa	tao	anos	real	vou	fazer	diz	dizer
351	pode	bem	vai	nada	vou	fcporto	dizer	doce	el
352	vai	santo	vou	fcporto	diz	dizer	doce	el	en
353	hoje	agora	vai	grande	silva	tao	es	tudo	ir
354	jorge	mendes	cristiano	pinto	fcporto	dizer	doce	el	en
355	hoje	anos	video	sporting	agora	jeronimo	contra	fazer	dizer
356	paulo	bento	carregabenfica	vou	doce	el	en	es	espirito
357	vai	ver	vou	fcporto	diz	dizer	doce	el	en
358	vou	ver	dia	doce	costa	jogo	anos	dizer	el
359	melhor	silva	tudo	vai	fcporto	diz	dizer	doce	el
360	dia	jose	futebol	pode	todos	agora	nada	antonio	fcportoworld
361	passos	coelho	vez	anos	santo	vou	fazer	dizer	doce
362	vai	benfica	dia	bruno	costa	hoje	ronaldo	fcporto	doce
363	hoje	contra	pode	portugal	tao	dia	espirito	diz	dizer
364	amp	tao	cristiano	real	catarina	video	vou	fazer	dizer
365	passos	coelho	fcporto	diario	dizer	doce	el	en	es
366	jesus	jorge	desporto	aqui	tao	fcporto	dizer	doce	el
367	fazer	vez	ir	desporto	fcporto	diz	dizer	doce	el
368	espirito	santo	vou	dia	diz	dizer	doce	el	en
369	bento	paulo	vou	fcporto	dizer	doce	el	en	es
370	portugal	ir	vou	fazer	diz	dizer	doce	el	en
371	desporto	joao	fcporto	sempre	jesus	diz	dizer	doce	el
372	vou	fazer	bem	vai	contra	fcporto	dizer	doce	el
373	silva	ver	vou	diz	dizer	doce	el	en	es
374	sempre	ainda	melhor	rebelo	agora	dizer	doce	el	en
375	diz	porto	governo	joao	fazer	dizer	doce	el	en
376	jose	todos	fcporto	vou	fcportoworld	dizer	doce	el	en
377	nada	porto	pingo	jesus	ano	fazer	dizer	doce	el
378	dia	carregabenfica	ano	amp	vai	vou	fcportoworld	doce	el
379	vai	tudo	la	bruno	vou	dizer	doce	el	en
380	paulo	bento	futebol	benfica	fcportoworld	doce	el	en	es
381	ainda	vez	portas	todos	melhor	vou	fazer	diz	dizer
382	costa	antonio	tao	sousa	vou	fcporto	dizer	doce	el
383	jorge	jesus	coelho	amp	fcportoworld	doce	el	en	es
384	jogo	la	fcportoworld	dizer	doce	el	en	es	espirito
385	costa	antonio	es	vou	fcportoworld	doce	el	en	espirito
386	cristiano	mundo	dizer	ano	ronaldo	grande	fcporto	doce	el
387	es	cristiano	vou	diario	dizer	doce	el	en	espirito
388	costa	pinto	tudo	rui	vou	sousa	fazer	dizer	doce
389	antonio	costa	futebol	sobre	governo	fcporto	dizer	doce	el
390	cristiano	quer	ronaldo	vou	es	marcelo	contra	espirito	dizer
391	tao	jose	grande	vou	fcporto	dizer	doce	el	en
392	la	ainda	costa	bem	vai	vou	fcportoworld	doce	el
393	vou	aqui	jesus	sempre	vai	real	fazer	diz	dizer
394	pais	vai	jose	vou	fcporto	dizer	doce	el	en
395	ver	porque	silva	portugal	rui	real	es	dia	diario
396	jogo	ver	benfica	martins	ps	vou	fazer	dizer	doce
397	paulo	bento	jose	desporto	ver	jeronimo	fcporto	doce	el
398	ps	ainda	jogo	diz	ronaldo	jesus	espirito	dizer	joao
399	paulo	portas	vitoria	ps	fazer	diz	dizer	doce	el
400	joao	sporting	vou	fcporto	diz	dizer	doce	el	en
401	vai	jose	nada	quer	tudo	costa	sobre	vou	dizer
402	sempre	ps	grande	jogo	del	fazer	dizer	doce	el
403	porto	portugal	joao	jesus	diario	diz	dizer	doce	el
404	pingo	doce	vou	fcporto	dizer	el	en	es	espirito
405	sobre	agora	ps	diz	antonio	aqui	novo	ir	dizer
406	fazer	el	portugal	vou	fcporto	diz	dizer	doce	en
407	portas	paulo	vou	jorge	dizer	doce	el	en	es
408	santo	espirito	nada	vou	fcporto	dizer	doce	el	en
409	es	video	la	cristiano	doce	pais	vou	fazer	dizer
410	pingo	doce	vou	fcporto	dizer	el	en	es	espirito
411	mendes	jorge	el	carregabenfica	dizer	doce	en	es	espirito
412	bem	ir	jose	fcportoworld	dizer	doce	el	en	es
413	cristiano	jogo	fazer	nada	costa	passos	fcporto	doce	el
414	santo	espirito	vou	dia	diz	dizer	doce	el	en
415	carvalho	bruno	carregabenfica	contra	el	en	es	espirito	fazer
416	desporto	contra	fcporto	vez	bento	jeronimo	ir	dizer	doce
417	mundo	melhor	del	la	sporting	fcportoworld	doce	el	en
418	carregabenfica	aqui	fcporto	jogo	diario	catarina	ainda	el	en
419	porto	sporting	benfica	fazer	todos	diario	diz	dizer	doce
420	contra	presidente	dia	diz	dizer	doce	el	en	es
421	sobre	lisboa	coelho	fcportoworld	dizer	doce	el	en	es
422	ronaldo	cristiano	vou	diario	dizer	doce	el	en	es
423	portugal	benfica	sempre	porto	diario	diz	dizer	doce	el
424	grande	cristiano	carregabenfica	ps	novo	catarina	doce	el	en
425	diz	ps	ver	vou	fcporto	dizer	doce	el	en
426	contra	vai	hoje	porto	vou	fazer	diz	dizer	doce
427	cristiano	novo	anos	dia	jose	vou	el	en	es
428	pinto	costa	jesus	vou	fazer	dizer	doce	el	en
429	vai	fazer	carregabenfica	governo	vou	fcporto	dizer	doce	el
430	ronaldo	mundo	futebol	costa	ano	fcporto	doce	el	en
431	hoje	contra	vou	fcporto	dizer	doce	el	en	es
432	carvalho	bruno	en	dizer	sousa	vou	doce	el	es
433	noticias	diario	aqui	bem	fcportoworld	dizer	doce	el	en
434	ainda	futebol	mundo	benfica	bruno	doce	el	en	es
435	joao	pinto	vou	fcporto	dizer	doce	el	en	es
436	jorge	jesus	es	coelho	desporto	fcporto	doce	el	en
437	grande	quer	real	jornal	sporting	pinto	ver	es	diz
438	jorge	mendes	ano	fcportoworld	dizer	doce	el	en	es
439	martins	catarina	cristiano	vou	fcporto	doce	el	en	es
440	jesus	jorge	porque	fazer	diz	dizer	doce	el	en
441	porto	grande	dia	sporting	coelho	fazer	diz	dizer	doce
442	es	el	video	ver	vou	fcporto	diz	dizer	doce
443	novo	pais	costa	porto	pode	dia	ano	futebol	ver
444	passos	coelho	nada	bem	fcportoworld	doce	el	en	es
445	ano	jornal	silva	jorge	paulo	jesus	fazer	dizer	doce
446	diz	presidente	nada	ano	governo	jesus	fazer	joao	dizer
447	vitoria	rui	es	dizer	jornal	anos	futebol	el	en
448	amp	vou	vez	carregabenfica	doce	jorge	porque	bem	lisboa
449	tao	ir	pode	mundo	bem	ps	fazer	dizer	doce
450	fcporto	fcportoworld	amp	del	fazer	vou	doce	el	en
451	cristiano	porque	costa	vou	diz	doce	el	en	es
452	melhor	video	ainda	pais	vou	fcporto	dizer	doce	el
453	mendes	jorge	futebol	fcporto	diz	dizer	doce	el	en
454	hoje	dizer	real	melhor	es	dia	fcporto	doce	el
455	tudo	es	jorge	melhor	governo	novo	fcporto	dizer	doce
456	fazer	contra	es	jogo	vou	fcporto	dizer	doce	el
457	del	el	la	doce	cristiano	vou	fcporto	en	es
458	portugal	desporto	novo	diario	dizer	doce	el	en	es
459	quer	jose	benfica	rebelo	vou	fazer	dizer	doce	el
460	pingo	doce	vou	fcporto	dizer	el	en	es	espirito
461	mundo	melhor	ronaldo	vou	jesus	fazer	dizer	doce	el
462	jose	todos	melhor	vou	fcporto	dizer	doce	el	en
463	passos	coelho	ronaldo	vou	fazer	dizer	doce	el	en
464	melhor	porque	anos	grande	vou	fcporto	doce	el	en
465	en	el	vou	fcportoworld	dizer	doce	es	espirito	fazer
466	sousa	marcelo	rebelo	vou	fazer	diz	dizer	doce	el
467	pode	ir	quer	fazer	vou	dizer	doce	el	en
468	carvalho	bruno	noticias	fcportoworld	doce	el	en	es	espirito
469	jornal	benfica	noticias	jesus	fcporto	dizer	doce	el	en
470	cristiano	mundo	ano	portugal	nada	amp	carvalho	jeronimo	fazer
471	agora	joao	lisboa	porto	governo	el	jesus	espirito	diz
472	la	novo	jogo	dizer	doce	el	en	es	espirito
473	noticias	diario	futebol	fcporto	dizer	doce	el	en	es
474	joao	portugal	jornal	fazer	diz	dizer	doce	el	en
475	tudo	vez	ano	video	sobre	porto	carvalho	vou	espirito
476	cristiano	amp	real	vou	fcporto	dizer	doce	el	en
477	portugal	amp	vou	fcporto	diz	dizer	doce	el	en
478	carregabenfica	benfica	anos	vou	futebol	doce	el	en	es
479	la	coelho	lisboa	el	vou	fcportoworld	doce	en	es
480	costa	pinto	pode	vou	diz	doce	el	en	es
481	ver	bem	grande	vou	novo	real	passos	espirito	dizer
482	portas	paulo	santo	diario	diz	dizer	doce	el	en
483	rui	vitoria	sousa	fcporto	diz	dizer	doce	el	en
484	grande	novo	video	futebol	real	vou	diz	dizer	doce
485	fazer	nada	video	futebol	vou	jeronimo	joao	dizer	doce
486	ver	hoje	jogo	fazer	melhor	noticias	diz	dizer	doce
487	desporto	pode	presidente	jeronimo	diario	vou	espirito	dizer	doce
488	carregabenfica	portugal	benfica	tao	fcportoworld	agora	jogo	ainda	doce
489	costa	antonio	jesus	martins	vou	fcporto	doce	el	en
490	porto	video	mundo	bento	carregabenfica	fcporto	diz	dizer	doce
491	presidente	bento	lisboa	passos	vou	fazer	dizer	doce	el
492	portugal	desporto	vou	diz	dizer	doce	el	en	es
493	catarina	martins	vou	fcporto	dizer	doce	el	en	es
494	ver	agora	diz	pais	jesus	fazer	dizer	doce	el
495	desporto	contra	vou	diz	doce	el	en	es	espirito
496	diz	fcportoworld	dizer	doce	el	en	es	espirito	fazer
497	tao	bem	silva	vou	fcportoworld	dizer	doce	el	en
498	benfica	carregabenfica	futebol	diario	jesus	fcporto	dizer	doce	el
499	novo	amp	vou	dizer	doce	el	en	es	espirito
